SHOW,CONTESTANT
Bachelorette,BRYAN A
Bachelorette,PETER K
Bachelorette,ERIC B
Bachelorette,DEAN U
Bachelorette,ADAM G
Bachelorette,MATT M
Bachelorette,ALEX B
Bachelorette,WILL G
Bachelorette,KENNY L
Bachelorette,ANTHONY B
Bachelorette,JOSIAH G
Bachelorette,LEE G
Bachelorette,IGGY R
Bachelorette,JONATHAN T
Bachelorette,JACK S
Bachelorette,BRADY E
Bachelorette,BRYCE P
Bachelorette,DIGGY M
Bachelorette,FRED J
Bachelorette,BLAKE E
Bachelorette,JAMEY K
Bachelorette,LUCAS Y
Bachelorette,DEMARIO J
Bachelorette,BLAKE K
Bachelorette,GRANT H
Bachelorette,JEDIDIAH B
Bachelorette,KYLE S
Bachelorette,MICHAEL B
Bachelorette,MILTON L
Bachelorette,MOHIT S
Bachelorette,ROB H
Bachelorette,ID
Bachelorette,JORDAN R
Bachelorette,ROBBY H
Bachelorette,CHASE M
Bachelorette,LUKE P
Bachelorette,JAMES T
Bachelorette,ALEX W
Bachelorette,DEREK P
Bachelorette,WELLS A
Bachelorette,VINCENT V
Bachelorette,GRANT K
Bachelorette,EVAN B
Bachelorette,JAMES F
Bachelorette,DANIEL M
Bachelorette,CHAD J
Bachelorette,NICK B
Bachelorette,CHRISTIAN B
Bachelorette,ALI Z
Bachelorette,WILL H
Bachelorette,JAMES S
Bachelorette,BRANDON H
Bachelorette,SAL D
Bachelorette,PETER M
Bachelorette,NICK S
Bachelorette,JONATHAN H
Bachelorette,JAKE P
Bachelorette,COLEY K
Bachelorette,ID
Bachelorette,SHAWN B
Bachelorette,NICK V
Bachelorette,BEN H
Bachelorette,JARED H
Bachelorette,JOE B
Bachelorette,CHRIS S
Bachelorette,BEN Z
Bachelorette,TANNER T
Bachelorette,JJ L
Bachelorette,JOSHUA A
Bachelorette,JUSTIN R
Bachelorette,IAN T
Bachelorette,COREY S
Bachelorette,JONATHAN H
Bachelorette,RYAN B
Bachelorette,CLINT A
Bachelorette,TONY H
Bachelorette,CORY S
Bachelorette,DANIEL F
Bachelorette,KUPAH J
Bachelorette,BRADLEY C
Bachelorette,DAVID X
Bachelorette,JOSH S
Bachelorette,SHAWN E
Bachelorette,BRADY T
Bachelorette,RYAN M
Bachelorette,ID
Bachelorette,JOSH M
Bachelorette,NICK V
Bachelorette,CHRIS S
Bachelorette,MARCUS G
Bachelorette,BRIAN O
Bachelorette,DYLAN P
Bachelorette,JJ O
Bachelorette,CODY S
Bachelorette,ANDREW P
Bachelorette,MARQUEL M
Bachelorette,PATRICK J
Bachelorette,TASOS H
Bachelorette,ERIC H
Bachelorette,BRADLEY W
Bachelorette,BRETT M
Bachelorette,RON W
Bachelorette,CARL K
Bachelorette,CRAIG M
Bachelorette,NICK S
Bachelorette,EMIL S
Bachelorette,JASON L
Bachelorette,JOSH B
Bachelorette,MIKE C
Bachelorette,RUDIE D
Bachelorette,STEVEN W
Bachelorette,ID
Bachelorette, CHRIS S
Bachelorette, DREW K
Bachelorette, BROOKS F
Bachelorette, ZAK W
Bachelorette, MICHAEL G
Bachelorette, JAMES C
Bachelorette, JUAN G
Bachelorette, KASEY S
Bachelorette, MIKEY T
Bachelorette, BEN S
Bachelorette, BRYDEN V
Bachelorette, ZACK K
Bachelorette, BRAD M
Bachelorette, BRANDON A
Bachelorette, DAN C
Bachelorette, BRIAN J
Bachelorette, NICK M
Bachelorette, ROBERT G
Bachelorette, WILL R
Bachelorette, DIOGO C
Bachelorette, LARRY B
Bachelorette, MICAH X
Bachelorette, MIKE X
Bachelorette, NICK R
Bachelorette, JONATHAN V
Bachelorette,ID
Bachelorette, JEF H
Bachelorette, ARIE L
Bachelorette, SEAN L
Bachelorette, CHRIS B
Bachelorette, JOHN W
Bachelorette, DOUG C
Bachelorette, RYAN B
Bachelorette, TRAVIS P
Bachelorette, ALEJANDRO V
Bachelorette, KALON M
Bachelorette, CHARLIE G
Bachelorette, MICHAEL N
Bachelorette, NATHAN B
Bachelorette, STEVIE A
Bachelorette, ALESSANDRO G
Bachelorette, TONY P
Bachelorette, AARON M
Bachelorette, KYLE D
Bachelorette, JOE G
Bachelorette, BRENT R
Bachelorette, DAVID H
Bachelorette, JACKSON L
Bachelorette, JEANPAUL L
Bachelorette, LERONE A
Bachelorette, RANDY W
Bachelorette,ID
Bachelorette, JP R
Bachelorette, BEN F
Bachelorette, CONSTANTINE T
Bachelorette, AMES B
Bachelorette, LUCAS D
Bachelorette, RYAN P
Bachelorette, BLAKE J
Bachelorette, RYAN M
Bachelorette, NICK P
Bachelorette, WILLIAM H
Bachelorette, BEN C
Bachelorette, WEST L
Bachelorette, CHRIS D
Bachelorette, JEFF M
Bachelorette, BENTLEY W
Bachelorette, MATT C
Bachelorette, RYAN M
Bachelorette, STEPHEN D
Bachelorette, ANTHONY S
Bachelorette, CHRIS M
Bachelorette, FRANK C
Bachelorette, JON E
Bachelorette, MICHAEL B
Bachelorette, ROB D
Bachelorette, TIM M
Bachelorette,ID
Bachelorette, ROBERT M
Bachelorette, CHRIS L
Bachelorette, FRANK N
Bachelorette, KIRK D
Bachelorette, TY B
Bachelorette, CRAIG R
Bachelorette, JUSTIN R
Bachelorette, CHRIS N
Bachelorette, KASEY K
Bachelorette, JESSE B
Bachelorette, JONATHAN N
Bachelorette, JOHN C
Bachelorette, STEVE K
Bachelorette, HUNTER W
Bachelorette, CHRIS H
Bachelorette, CRAIG M
Bachelorette, TYLER V
Bachelorette, DEREK X
Bachelorette, DERRICK S
Bachelorette, JASON W
Bachelorette, JAY R
Bachelorette, JOHN N
Bachelorette, KYLE H
Bachelorette, PHIL K
Bachelorette, TYLER M
Bachelorette,ID
Bachelorette, ED S
Bachelorette, KIPTYN L
Bachelorette, REID R
Bachelorette, WES H
Bachelorette, JESSE K
Bachelorette, MICHAEL S
Bachelorette, JAKE P
Bachelorette, TANNER P
Bachelorette, ROBBY D
Bachelorette, MARK H
Bachelorette, DAVID G
Bachelorette, JUAN B
Bachelorette, MIKE S
Bachelorette, BRAD S
Bachelorette, TANNER F
Bachelorette, SASHA P
Bachelorette, BRIAN D
Bachelorette, JULIEN H
Bachelorette, MATHUE J
Bachelorette, SIMON A
Bachelorette, ADAM D
Bachelorette, BRIAN V
Bachelorette, BRYCE H
Bachelorette, CALEB K
Bachelorette, GREG B
Bachelorette, JOHN H
Bachelorette, JOHN P
Bachelorette, JOSH Y
Bachelorette, KYLE Y
Bachelorette, STEPHEN R
Bachelorette,ID
Bachelorette, JESSE C
Bachelorette, JASON M
Bachelorette, JEREMY A
Bachelorette, GRAHAM B
Bachelorette, SEAN R
Bachelorette, BLAINE T
Bachelorette, BRIAN T
Bachelorette, FREDERICK G
Bachelorette, ROBERT F
Bachelorette, PAUL B
Bachelorette, RONALD M
Bachelorette, RICHARD M
Bachelorette, CHRISTOPHER B
Bachelorette, ERIC P
Bachelorette, RYAN H
Bachelorette, BRIAN W
Bachelorette, CHANDLER F
Bachelorette, DONATO C
Bachelorette, GREGORY M
Bachelorette, JEFFREY H
Bachelorette, JONATHAN K
Bachelorette, LUKE H
Bachelorette, PATRICK C
Bachelorette, PATRICK D
Bachelorette, SPERO S
Bachelorette,ID
Bachelorette, JERRY F
Bachelorette, JOHN PAUL M
Bachelorette, RYAN SH
Bachelorette, WENDELL J
Bachelorette, FABRICE L
Bachelorette, BEN S
Bachelorette, JOSH C
Bachelorette, KEITH
Bachelorette, A.W.
Bachelorette, JASON I
Bachelorette, MARK
Bachelorette, MATT M
Bachelorette, MICHAEL F
Bachelorette, RYAN SM
Bachelorette, STU L
Bachelorette, ANDREW
Bachelorette, ANDY L
Bachelorette, CHRIS M
Bachelorette, CHRIS C
Bachelorette, COLLIN E
Bachelorette, DAVID V
Bachelorette, ERIC H
Bachelorette, ERIC T
Bachelorette, KEVIN
Bachelorette, MATT L
Bachelorette,ID
Bachelorette, IAN M
Bachelorette, MATTHEW H
Bachelorette, CHAD X
Bachelorette, LANNY X
Bachelorette, BRAD X
Bachelorette, RYAN M
Bachelorette, SEAN X
Bachelorette, RICK X
Bachelorette, RYAN R
Bachelorette, TODD X
Bachelorette, DAMON X
Bachelorette, ELIOT X
Bachelorette, HAROLD H
Bachelorette, MARCUS X
Bachelorette, ROBERT X
Bachelorette, AARON X
Bachelorette, ANDY C
Bachelorette, ANSELM C
Bachelorette, BRIAN X
Bachelorette, CHRIS X
Bachelorette, CORY H
Bachelorette, JEFF O
Bachelorette, JUSTIN X
Bachelorette, KEITH X
Bachelorette, TREVER X
Bachelorette,ID
Bachelorette, RYAN S
Bachelorette, CHARLIE M
Bachelorette, RUSS X
Bachelorette, GREG T
Bachelorette, BOB G
Bachelorette, JAMIE B
Bachelorette, MIKE X
Bachelorette, ROB X
Bachelorette, BRIAN C
Bachelorette, BRIAN S
Bachelorette, BROOK X
Bachelorette, JACK X
Bachelorette, JEFF X
Bachelorette, JOSH X
Bachelorette, BRIAN H
Bachelorette, BILLY X
Bachelorette, BRIAN K
Bachelorette, CHRIS X
Bachelorette, DUANE X
Bachelorette, ERIC X
Bachelorette, GREGG H
Bachelorette, MATT X
Bachelorette, PAUL X
Bachelorette, PETER X
Bachelorette, WAYNE X
Bachelor,ID
Bachelor,VANESSA G
Bachelor,RAVEN G
Bachelor,RACHEL L
Bachelor,CORRINE O
Bachelor,KRISTINA S
Bachelor,DANIELLE M
Bachelor,DANIELLE L
Bachelor,WHITNEY F
Bachelor,JASMINE G
Bachelor,JAIMI K
Bachelor,JOSEPHINE T
Bachelor,ALEXIS W
Bachelor,TAYLOR N
Bachelor,ASTRID L
Bachelor,SARAH V
Bachelor,BRITTANY F
Bachelor,CHRISTEN W
Bachelor,DOMINIQUE A
Bachelor,LACEY M
Bachelor,HAILEY M
Bachelor,ELIZABETH W
Bachelor,LIZ S
Bachelor,ANGELA A
Bachelor,JASMINE B
Bachelor,OLIVIA B
Bachelor,IDA D
Bachelor,BRIANA G
Bachelor,LAUREN H
Bachelor,SUSANNAH M
Bachelor,MICHELLE R
Bachelor,ID
Bachelor,LAUREN B
Bachelor,JOJO F
Bachelor,CAILA Q
Bachelor,AMANDA S
Bachelor,BECCA T
Bachelor,EMILY F
Bachelor,LAUREN H
Bachelor,OLIVIA C
Bachelor,LEAH B
Bachelor,JENNIFER S
Bachelor,JUBILEE S
Bachelor,AMBER J
Bachelor,RACHEL T
Bachelor,HAYLEY F
Bachelor,JAMI L
Bachelor,SHUSHANNA M
Bachelor,LACE M
Bachelor,JACKIE D
Bachelor,MANDI K
Bachelor,SAMANTHA P
Bachelor,LB B
Bachelor,LAURA E
Bachelor,IZZY G
Bachelor,MAEGAN M
Bachelor,JESSICA M
Bachelor,BREANNE R
Bachelor,LAUREN R
Bachelor,TIARA S
Bachelor,ID
Bachelor,WHITNEY B
Bachelor, BECCA T
Bachelor, KAITLYN B
Bachelor, JADE R
Bachelor, CARLY W
Bachelor, BRITT N
Bachelor, MEGAN B
Bachelor, KELSEY P
Bachelor, ASHLEY I
Bachelor, MACKENZIE D
Bachelor, SAMANTHA S
Bachelor, ASHLEY S
Bachelor, JUELIA K
Bachelor, NIKKI D
Bachelor, JILIAN A
Bachelor, AMBER J
Bachelor, TRACY D
Bachelor, TRINA S
Bachelor, ALISSA G
Bachelor, JORDAN B
Bachelor, KIMBERLY S
Bachelor, TANDRA S
Bachelor, TARA E
Bachelor, AMANDA G
Bachelor, BO S
Bachelor, BRITTANY F
Bachelor, KARA W
Bachelor, MICHELLE D
Bachelor, NICOLE M
Bachelor, REEGAN C
Bachelor,ID
Bachelor, NIKKI F
Bachelor, CLARE C
Bachelor, ANDI D
Bachelor, RENEE O
Bachelor, CHELSIE W
Bachelor, SHARLEEN J
Bachelor, KAT H
Bachelor, CASSANDRA F
Bachelor, ALLI R
Bachelor, DANIELLE R
Bachelor, KELLY T
Bachelor, ELISE M
Bachelor, LAUREN S
Bachelor, CHRISTY H
Bachelor, LUCY A
Bachelor, AMY L
Bachelor, CHANTEL F
Bachelor, VICTORIA L
Bachelor, ALEXIS M
Bachelor, AMY J
Bachelor, ASHLEY P
Bachelor, CHRISTINE L
Bachelor, KYLIE L
Bachelor, LACY F
Bachelor, LAUREN H
Bachelor, MAGGIE G
Bachelor, VALERIE E
Bachelor,ID
Bachelor, CATHERINE G
Bachelor, LINDSAY Y
Bachelor, ASHLEE F
Bachelor, DESIREE H
Bachelor, LESLEY M
Bachelor, TIERRA L
Bachelor, DANIELLA M
Bachelor, SLEMA A
Bachelor, SARAH H
Bachelor, ROBYN H
Bachelor, JACKIE [
Bachelor, AMANDA M
Bachelor, LESLIE H
Bachelor, KRISTY K
Bachelor, TARYN D
Bachelor, KACIE B
Bachelor, BROOKE B
Bachelor, DIANA W
Bachelor, LATIE L
Bachelor, ASHLEY H
Bachelor, ASHLEY P
Bachelor, KELLY D
Bachelor, KERIANN M
Bachelor, LACEY L
Bachelor, LAUREN M
Bachelor, PAIGE V
Bachelor,ID
Bachelor, COURTNEY R
Bachelor, LINDZI C
Bachelor, NICKI S
Bachelor, KACIE B
Bachelor, EMILY O
Bachelor, RACHEL T
Bachelor, JAMIE O
Bachelor, CASEY S
Bachelor, BLAKELEY J
Bachelor, JENNIFER F
Bachelor, ELYSE M
Bachelor, MONICA S
Bachelor, SAMANTHA L
Bachelor, ERIKA U
Bachelor, JACLYN S
Bachelor, BRITTNEY S
Bachelor, JENNA B
Bachelor, SHAWN R
Bachelor, AMBER B
Bachelor, AMBER T
Bachelor, ANNA S
Bachelor, DIANNA M
Bachelor, HOLLY J
Bachelor, LYNDSIE J
Bachelor, SHIRA A
Bachelor,ID
Bachelor, EMILY M
Bachelor, CHANTAL O
Bachelor, ASHLEU H
Bachelor, SHAWNTEL N
Bachelor, MICHELLE M
Bachelor, BRITT B
Bachelor, JACKIE G
Bachelor, ALLI T
Bachelor, LISA M
Bachelor, MARISSA M
Bachelor, ASHLEY S
Bachelor, LINDSAY H
Bachelor, MEGHAN M
Bachelor, STACEY Q
Bachelor, KIMBERLY C
Bachelor, SARAH P
Bachelor, MADISON G
Bachelor, KELTIE C
Bachelor, MELISSA S
Bachelor, RAICHHEL G
Bachelor, BRITNEE X
Bachelor, CRISTY C
Bachelor, JESSICA A
Bachelor, KILL R
Bachelor, LACEY G
Bachelor, LAUREN M
Bachelor, LISA P
Bachelor, REBECCA X
Bachelor, RENEE H
Bachelor, SARAH L
Bachelor,ID
Bachelor, VIENNA G
Bachelor, TENLEY M
Bachelor, GIA A
Bachelor, ALI F
Bachelor, CORRIE A
Bachelor, ASHLEIGH H
Bachelor, JESSIE S
Bachelor, KATHRYN S
Bachelor, ELLA N
Bachelor, ELIZABETH KI
Bachelor, VALISHIA S
Bachelor, MICHELLE K
Bachelor, ASHLEY E
Bachelor, CRISTINA M
Bachelor, ROZLYN P
Bachelor, LEX M
Bachelor, CAITLYN M
Bachelor, CHANNY C
Bachelor, ELIZABETH KR
Bachelor, EMILY H
Bachelor, KIMBERLY S
Bachelor, KIRSTEN P
Bachelor, SHEILA L
Bachelor, STEPHANIE M
Bachelor, TIANA K
Bachelor,ID
Bachelor,MELISSA R
Bachelor,MOLLY M
Bachelor,JILLIAN H
Bachelor,NAOMI C
Bachelor,STEPHANIE H
Bachelor,LAUREN W
Bachelor,MEGAN P
Bachelor,SHANNON B
Bachelor,NIKKI K
Bachelor,ERICA D
Bachelor,KARI F
Bachelor,NATALIE G
Bachelor,RAQUEL M
Bachelor,SHARON S
Bachelor,LISA G
Bachelor,ANN L
Bachelor,DOMINIQUE C
Bachelor,EMILY H
Bachelor,JACKIE H
Bachelor,JULIE D
Bachelor,NICOLE M
Bachelor,RENEE S
Bachelor,SHELBY G
Bachelor,STACIA M
Bachelor,TREASURE M
Bachelor,ID
Bachelor,SHAYNE L
Bachelor,CHELSEA W
Bachelor,AMANDA R
Bachelor,NOELLE D
Bachelor,MARSHANA R
Bachelor,ROBIN C
Bachelor,ASHLEE W
Bachelor,KELLY D
Bachelor,HOLLY D
Bachelor,AMY R
Bachelor,ERIN S
Bachelor,KRISTINE H
Bachelor,CARRI P
Bachelor,ERIN H
Bachelor,MICHELLE P
Bachelor,ALYSSA G
Bachelor,AMANDA P
Bachelor,DENISE H
Bachelor,DEVON A
Bachelor,LESLEY G
Bachelor,MICHELE R
Bachelor,REBECCA L
Bachelor,STACEY E
Bachelor,TAMARA S
Bachelor,TIFFANY T
Bachelor,ID
Bachelor,DEANNA P
Bachelor,JENNI C
Bachelor,BETTINA B
Bachelor,SHEENA S
Bachelor,HILARY R
Bachelor,KRISTY K
Bachelor,STEPHY K
Bachelor,JADE B
Bachelor,MCCARTEN D
Bachelor,LINDSEY H
Bachelor,SARAH N
Bachelor,SOLISA S
Bachelor,MICHELE L
Bachelor,MALLORY S
Bachelor,ERIN G
Bachelor,JESSICA K
Bachelor,JULI G
Bachelor,KIM O
Bachelor,LORI L
Bachelor,MELISSA B
Bachelor,MORGAN B
Bachelor,NATALIE V
Bachelor,REGINA D
Bachelor,TAUNI N
Bachelor,SUSAN S
Bachelor,ID
Bachelor,TESSA H
Bachelor,BEVIN P
Bachelor,DANIELLE I
Bachelor,AMBER A
Bachelor,STEPHANIE W
Bachelor,TINA W
Bachelor,KATE B
Bachelor,NICOLE C
Bachelor,STEPHANIE T
Bachelor,AMANDA H
Bachelor,ERIN P
Bachelor,PEYTON W
Bachelor,ALEXIS Y
Bachelor,SUSAN A
Bachelor,TIFFANY W
Bachelor,BLAKENEY R
Bachelor,CANDICE D
Bachelor,CATHERINE W
Bachelor,DANIELLE V
Bachelor,JACKIE T
Bachelor,JEANETTE A
Bachelor,JESSICA D
Bachelor,LINDA M
Bachelor,LINDSAY S
Bachelor,TIFFANY F
Bachelor,ID
Bachelor, JENNIFER W
Bachelor, SADIE M
Bachelor, LISA B
Bachelor, AGNESE P
Bachelor, JEANETTE P
Bachelor, DESIREE V
Bachelor, JAMI M
Bachelor, GINA C
Bachelor, ERICA R
Bachelor, SARAH S
Bachelor, KIM J
Bachelor, ELLEN D
Bachelor, TARA D
Bachelor, ROSELLA F
Bachelor, RITA G
Bachelor, RENEE S
Bachelor, MERI B
Bachelor, LAURA M
Bachelor, JESSICA H
Bachelor, HEATHER S
Bachelor, ELYSE H
Bachelor, COSETTA B
Bachelor, CLAUDIA G
Bachelor, CARISSA I
Bachelor, BOWE N
Bachelor, ANDREA S
Bachelor, APRIL J
Bachelor,ID
Bachelor, Sarah S
Bachelor, Moana
Bachelor, Susan
Bachelor, Sarah B
Bachelor, Jehan
Bachelor, Tara
Bachelor, Jennifer
Bachelor, Shiloh
Bachelor, Cole
Bachelor, Yvonne
Bachelor, Elizabeth
Bachelor, Kristen
Bachelor, Stephanie
Bachelor, Ali D
Bachelor, Allie G
Bachelor, April
Bachelor, Cortney
Bachelor, Jaime
Bachelor, Kathy
Bachelor, Kyle
Bachelor, Lisa
Bachelor, Liza
Bachelor, Princess
Bachelor, Sara H
Bachelor, Venus
Bachelor,ID
Bachelor, Sarah B.
Bachelor, Krisily
Bachelor, Sarah W.
Bachelor, Kimberly
Bachelor, Anitra
Bachelor, Kindle
Bachelor, Kara
Bachelor, Jenny
Bachelor, Kerry
Bachelor, Carrie
Bachelor, Gina Marie
Bachelor, Megan
Bachelor, Brenda
Bachelor, Kristina
Bachelor, Debby
Bachelor, Katie
Bachelor, Heather
Bachelor, Kristen
Bachelor, Kyshawn
Bachelor, Siomara
Bachelor, Emilie
Bachelor, Kristine
Bachelor, Geitan
Bachelor, Valerie
Bachelor, Danushka
Bachelor,ID
Bachelor, Mary
Bachelor, Tanya
Bachelor, Cynthia
Bachelor, Cheresse
Bachelor, Andrea
Bachelor, Jayne
Bachelor, Krysta
Bachelor, Elizabeth
Bachelor, Amanda
Bachelor, Kristie
Bachelor, Susie
Bachelor, Heather
Bachelor, Wende
Bachelor, Natalie
Bachelor, Ashley
Bachelor, Kelley
Bachelor, Leina
Bachelor, Carolyn
Bachelor, Amy
Bachelor, Lisa
Bachelor, Nicole
Bachelor, Kerry
Bachelor, Alma
Bachelor, Kristin
Bachelor, Jennifer
Bachelor, Abby
Bachelor, Melinda
Bachelor,ID
Bachelor, JESSICA B
Bachelor, TARA H
Bachelor, MANDY J
Bachelor, TRISH S
Bachelor, SUZIE W
Bachelor, KAREN L
Bachelor, JESSICA H
Bachelor, JULIE D
Bachelor, JENNY S
Bachelor, KATIE G
Bachelor, JEANMARIE C
Bachelor, ANNECATHERINE L
Bachelor, AMBER L
Bachelor, MANDY C
Bachelor, KRISTY R
Bachelor, CELESTE C
Bachelor, JENNY M
Bachelor, DEBBIE M
Bachelor, DOLORES F
Bachelor, FRANCINE J
Bachelor, DESHAUN W
Bachelor, JESSICA K
Bachelor, HOLLY R
Bachelor, RACHEL C
Bachelor, KRISTIN C
Bachelor,ID
Bachelor, Kelly-Jo
Bachelor, Estella
Bachelor, Mary
Bachelor, Meredith
Bachelor, Brooke
Bachelor, Lee-Ann
Bachelor, Misty
Bachelor, Karin
Bachelor, Jenny
Bachelor, Antoinette
Bachelor, Lindsay clippers
Bachelor, Lindsay
Bachelor, Lanah
Bachelor, Jenn
Bachelor, Christine
Bachelor, Darla
Bachelor, Stacey
Bachelor, Shea
Bachelor, Heather
Bachelor, Lauren
Bachelor, Kristi
Bachelor, Samentha
Bachelor, Leona
Bachelor, Julie
Bachelor, Shelly
Bachelor,ID
Bachelor, JEN X
Bachelor, KIRSTEN X
Bachelor, TINA X
Bachelor, CRISTINA X
Bachelor, LIZ X
Bachelor, ANN MICHELLE X
Bachelor, AUDREE X
Bachelor, AMBER X
Bachelor, HEATHER X
Bachelor, TINA X
Bachelor, RACHEL X
Bachelor, AMY X
Bachelor, SHANNON X
Bachelor, ELIZABETH X
Bachelor, CHRISTINA X
Bachelor, KERRI X
Bachelor, AMY X
Bachelor, JENNIFER X
Bachelor, COURTNEY X
Bachelor, ANGELA X
Bachelor, GINNY X
Bachelor, BROOKE X
Bachelor, STEPHANIE X
Bachelor, TIFFANY X
Bachelor, KRISTEN X
Bachelor,ID
Bachelor, HELENE E
Bachelor, BROOKE S
Bachelor, GWEN G
Bachelor, ANGELA X
Bachelor, HAYLEY X
Bachelor, HEATHER C
Bachelor, CHRISTI X
Bachelor, HEATHER X
Bachelor, KYLA X
Bachelor, SHANNON X
Bachelor, DANA X
Bachelor, ERIN X
Bachelor, SUZANNE X
Bachelor, FRANCES X
Bachelor, ANINDITA X
Bachelor, AMBER X
Bachelor, CAMILLE X
Bachelor, CARI X
Bachelor, CHRISTY X
Bachelor, ERIN X
Bachelor, FATIMA X
Bachelor, LIANGY X
Bachelor, LORI X
Bachelor, MERILEE X
Bachelor,ID
Bachelor, AMANDA M
Bachelor, TRISTA R
Bachelor, SHANNON O
Bachelor, KIM X
Bachelor, CATHY G
Bachelor, CHRISTINA X
Bachelor, LANEASE A
Bachelor, RHONDA X
Bachelor, ALEXA X
Bachelor, AMY X
Bachelor, ANGELA X
Bachelor, ANGELIQUE X
Bachelor, KATIE X
Bachelor, MELISSA X
Bachelor, TINA X
Bachelor, AMBER X
Bachelor, DANIELA X
Bachelor, DENISE X
Bachelor, JACKIE X
Bachelor, JILL X
Bachelor, KRISTINA X
Bachelor, LISA X
Bachelor, PAULA X
Bachelor, RACHEL X
Bachelor, WENDI X
